 ,"ABEJO, VANGIE (IND)","AFUANG, ABNER (WPP)","AGUILAR, FREDDIE (IND)","ALBANI, SHARIFF (WPP)","ALEJANO, GARY (LP)","ALFAJORA, RICHARD (IND)","ALUNAN, RAFFY (BGMBYN)","ANGARA, EDGARDO SONNY (LDP)","AQUINO, BENIGNO BAM  (LP)","ARCEGA, GERALD (WPP)","ARELLANO, ERNESTO (IND)","ARIAS, MARCELINO (WPP)","AUSTRIA, BERNARD (PDSP)","BALDEVARONA, BALDE (FFP)","BINAY, NANCY (UNA)","BONG REVILLA, RAMON JR (LAKAS)","CACERES, JESUS (IND)","CASI�O, TOTI (KDP)","CAYETANO, PIA (NP)","CHAVEZ, MELCHOR (WPP)","CHONG, GLENN (KDP)","COLMENARES, NERI (MKBYN)","DE GUZMAN, KA LEODY (PLM)","DELA ROSA, BATO (PDPLBN)","DIOKNO, CHEL (LP)","EJERCITO, ESTRADA JV (NPC)","ENRILE, JUAN PONCE (PMP)","ESCUDERO, AGNES (IND)","ESTRADA, JINGGOY (PMP)","FRANCISCO, ELMER (PFP)","GADDI, CHARLIE (IND)","GADON, LARRY (KBL)","GENEROSO,GEN PEDERALISMO (IND)","GO, BONG GO (PDPLBN)","GUIGAYUMA, JUNBERT (WPP)","GUTOC, SAMIRA (LP)","HILBAY, PILO (AKSYON)","JANGAO, BFG ABRAHAM (IND)","JAVELLANA, RJ (KDP)","LAPID, LITO (NPC)","MACALINTAL, MACAROMY (IND)","MALLILLIN, EMILY (IND)","MANGONDATO, FAISAL (IND)","MANGUDADATU, DONG (PDPLBN)","MANICAD, JIGGY (IND)","MARCOS, IMEE (NP)","MATULA, JOSE SONNY (WPP)","MENIANO, LUTHER (WPP)","MONTA�O, ALLAN (IND)","NALLIW, JOAN SHEELAH (IND)","ONG, DOC WILLIE (LAKAS)","OSME�A, SERGE (IND)","PADILLA, DADO (PFP)","PIMENTEL, KOKO (PDPLBN)","POE, GRACE (IND)","ROLEDA, DAN KAIBIGAN (UNA)","ROXAS, MAR (LP)","SAHIDULLA, LADY ANN (KDP)","TA�ADA,LORENZO ERIN TAPAT (LP)","TOLENTINO, FRANCIS (PDPLBN)","VALDES, BUTCH (KDP)","VILLAR, CYNTHIA (NP)",Total
ABRA,1621,1242,7625,1039,3972,1042,3050,48251,18147,1052,1829,1146,927,776,60449,57855,633,1050,38218,1238,9502,6556,1319,66539,6163,48437,17209,2770,38327,914,730,8141,901,70691,534,3050,2012,1067,545,46255,3302,772,6306,29732,13936,100775,590,348,1660,1149,11821,13733,2680,30492,56438,806,15306,628,4031,46986,924,70514,995753
BENGUET,2921,3503,16287,1883,24355,1951,18609,128506,70601,2168,6020,2377,2208,1453,78692,57988,1741,3195,137730,5373,25366,32582,4523,151455,37173,76671,31549,11517,50731,2333,2223,30759,2404,133397,1246,21417,14185,1823,1187,89515,22806,2258,11894,40665,41200,148936,1914,955,4620,38169,57758,62089,6136,97673,149032,1870,51567,1948,19955,106444,2932,168002,2328440
IFUGAO,1669,1029,12152,1193,9374,1202,2987,28007,25816,1188,3112,1169,1261,864,32422,29462,869,1124,32411,1851,5357,8047,1408,35230,11041,21457,13708,4069,23256,1302,1235,5592,1357,30187,777,8016,5710,1139,663,29754,7550,2070,4886,15376,5459,37204,1044,671,2037,70196,8469,12475,4719,22831,41110,1446,21856,1074,7102,23617,1085,46270,737014
KALINGA,2123,1698,15300,1695,5146,1667,4303,38409,22927,1724,4281,2191,1623,1233,41753,41846,1134,1850,40188,3647,6661,12365,2150,44861,8271,30262,21292,6050,33019,1778,1403,7296,2091,51131,997,3677,2760,1727,960,38857,5391,1765,6959,14877,5945,59814,1215,766,2363,18268,10055,18997,5895,30273,42939,1466,18634,1073,4411,33431,1451,56463,854797
MOUNTAIN PROVINCE,1373,1401,8936,957,5628,988,2881,22672,17068,960,2622,1019,1021,767,22356,20414,688,1009,25955,1920,5086,7134,1358,33294,7008,15940,10502,3416,15872,980,966,5327,1029,26489,499,4341,2834,805,556,21761,4798,2553,3231,8940,6614,33175,766,530,1722,25846,8466,11235,3211,18646,32222,875,14223,771,4155,20951,905,39680,549347
APAYAO,693,625,6128,744,1834,628,1209,19153,13079,628,1333,693,569,539,22552,24886,374,607,21620,945,1722,2203,781,23004,2427,17331,10886,1816,18723,605,412,2184,573,22559,326,1165,958,595,355,21237,4216,1102,1647,4417,4246,37369,403,205,839,763,3058,7091,2338,14226,23817,593,10373,499,1310,16446,566,32772,416997
BATANES,95,80,577,68,1959,108,312,2529,3941,56,265,76,60,39,2371,1917,61,103,3370,161,629,640,160,2627,2133,1951,1133,390,1577,61,66,451,60,2186,62,1604,753,72,57,1955,1403,66,203,580,1524,1865,63,28,212,42,1077,1832,201,2432,4034,63,3065,61,1390,1910,94,4068,62928
CAGAYAN,6702,5613,40250,5012,25056,4864,15023,183292,126276,4133,9489,4256,3872,3588,231449,215561,3384,5622,197736,8504,19860,38153,8982,188368,38596,158271,169166,15353,161972,4185,3100,28109,4409,210349,2915,21139,19936,5217,2824,199026,23281,19165,15455,55216,43968,314764,3068,1408,7567,3071,47315,93348,14597,142909,247129,3980,90793,2811,18548,145633,3557,282904,3980099
ISABELA,13873,7590,39774,8761,38691,6897,18800,313809,216960,8059,12846,6464,5625,5615,413691,321274,5183,8458,315462,13347,31723,62354,10748,266925,60199,289528,161964,22498,253439,5544,4604,43193,6079,340620,3687,30887,21143,6603,3647,341637,35841,11798,22119,81996,43025,433159,4538,2123,10734,10021,77377,121520,20034,212694,408054,5610,163285,5182,29925,238761,5631,443677,6135305
NUEVA VIZCAYA,2585,2042,20440,2030,15104,1834,5919,88510,54603,1959,4928,1889,1600,1467,95124,78955,1299,2387,94979,4346,9469,21215,3199,78931,18295,66505,45588,8650,68332,1836,1589,11880,2276,86417,1356,9450,6360,2943,1209,90394,12952,1700,8845,28425,21378,112349,1413,878,3922,16083,20759,37372,7742,61596,111156,1849,41467,1319,10073,64560,2330,128841,1714903
QUIRINO,1088,813,8150,861,5183,753,2371,35936,23856,820,1779,770,663,609,38069,36658,450,930,35539,1629,3432,5477,1106,28545,6389,25246,18272,3355,29074,659,581,3993,757,32053,478,3312,2122,827,431,35206,4553,1053,2846,8342,7007,42880,531,225,1313,10440,6929,14302,2676,24951,46218,704,18812,529,3522,26339,902,50889,674205
BASILAN,2985,1936,15254,6920,7127,1909,4108,51544,30289,1625,2617,1397,1278,1162,34616,58312,1183,2013,48417,2316,3246,3532,2230,70235,6043,42838,13738,3880,36453,1685,1060,3979,2205,86192,1310,17855,2630,2850,1236,46417,6455,1333,12759,36372,12317,36457,1324,633,4091,941,6116,15877,7623,45093,50726,2064,20341,11328,3226,44233,1307,61281,1008519
LANAO DEL SUR,3817,2643,18237,11432,7184,2798,6140,58060,42565,2829,4054,2546,2740,1940,43353,57709,1908,3069,56757,3635,6650,6293,3747,91171,12343,59196,12991,6068,31596,2909,2064,5902,2373,108695,2905,261343,4907,4594,2118,55997,14028,2375,51818,89037,8692,36718,2814,1270,3409,1406,17785,21026,10408,59927,77556,2872,17138,7001,5648,45308,1986,80233,1575733
MAGUINDANAO,3828,3389,32925,9750,8113,3079,9331,107131,53171,3291,4088,2630,2522,2920,116036,159477,2434,3441,76680,3762,13217,7786,4108,208882,11921,77554,22260,7089,65746,3120,2010,8863,4164,317925,2706,72387,4027,5409,2090,104953,10218,2367,31155,299811,23495,78405,3261,1946,5130,1912,25063,33176,11415,120194,125412,4093,23997,8816,5439,124302,4153,160696,2658671
SULU,2371,1614,14134,6286,2587,1771,13997,67300,19371,1485,1839,1322,1356,1404,40349,102457,1090,1882,52668,1887,2568,2369,2427,107904,3804,45149,15311,3041,46128,2218,1094,2745,2084,147155,1405,9164,1837,2200,1201,44580,2682,1493,8427,56477,9775,63880,1163,1078,2029,742,6046,7424,9959,46748,46761,1878,5986,82797,2329,67827,2332,91281,1300668
TAWI-TAWI,3454,2061,10705,7494,3721,2359,3822,39908,19634,1991,2566,1926,1604,1326,22939,48062,1644,2512,25767,2822,3956,3566,2702,58186,5324,34690,9493,3127,21834,2295,1438,3188,2212,58803,1585,6405,2773,2915,1578,42712,10786,1951,9610,44079,17105,43236,1721,917,3534,1083,6115,9815,8559,36311,33246,2131,9912,8068,2426,47037,1720,49238,823699
NATIONAL CAPITAL REGION - MANILA,6842,14560,30421,6219,99385,5077,58607,350338,263772,4341,14051,5262,4094,3989,272428,171983,5419,9882,385194,11106,65153,147630,26439,346792,173622,295764,86958,28813,158758,5308,5198,126831,7238,367368,2980,104108,85153,4851,3564,287144,109060,4051,30912,121902,224427,342064,7817,2072,14035,3322,283097,227967,11586,284432,458319,6195,156085,6146,99279,304948,6886,459120,7216364
NATIONAL CAPITAL REGION - SECOND DISTRICT,17153,24988,72105,12503,274327,11312,143425,811210,640615,9888,39168,17793,12387,8938,566432,368610,12374,27763,867231,25607,141056,345807,79697,779225,438941,616818,182551,67779,364324,13470,12516,256253,15269,792676,6756,275352,216612,11560,8625,580507,296879,9813,72282,282995,473311,707548,18036,5150,37241,8308,583725,498756,26706,643299,983175,12077,393910,13101,274566,679880,17219,1017980,16225580
NATIONAL CAPITAL REGION - THIRD DISTRICT,11243,16443,50294,7563,131623,7538,70049,517576,362082,7407,26571,9078,6664,5792,397368,289703,7369,13778,562108,17048,82376,179396,32032,508609,203814,429346,131855,46537,272395,8195,7527,159616,9915,552062,4606,111109,81841,8271,5212,424515,134211,5977,47999,187629,333704,477832,10176,3456,24337,4840,360180,305945,20698,404940,644422,7627,216083,7510,114086,437460,8870,682536,10217044
NATIONAL CAPITAL REGION - FOURTH DISTRICT,15948,27898,93573,12068,210867,10473,134107,742366,544512,10535,30783,13919,9442,8325,631454,344715,12922,23551,863312,25984,136784,264091,55944,729362,370703,571155,192357,65273,326172,13094,10809,242196,14353,752165,6489,221814,166150,14324,8205,545163,253416,9523,67696,262153,416077,666990,15063,4738,32646,8037,559744,476981,27849,609403,871154,12906,322469,13428,222909,650089,14965,969274,14960867
BUKIDNON,13939,7959,40710,8405,24111,6787,18309,225857,137506,6732,12581,7147,5873,4987,174321,208065,6475,11478,245090,11071,20375,26348,8066,301177,29535,180504,61564,18957,154174,5565,3515,26087,8274,306795,4173,18387,11425,8213,3845,213657,15304,3766,45140,135848,31521,154103,4416,2359,12415,3161,35381,95237,19502,245104,244595,10565,90737,3414,16646,203377,4528,318811,4283969
CAMIGUIN,214,169,753,103,725,175,775,37145,3615,106,218,84,78,76,3350,31338,107,147,7297,183,1183,797,191,40917,1329,34391,1189,534,32415,116,108,1013,238,42059,96,771,493,111,62,4086,790,116,1948,33924,2272,33945,108,104,191,219,31422,2794,270,38196,6701,128,2428,100,731,36376,168,38976,480664
LANAO DEL NORTE,5427,3370,28476,6058,14571,3501,32629,182161,64087,3662,7249,3618,3060,3109,119510,161503,2734,4818,157134,7010,30517,12407,6538,216818,19889,149073,47035,11968,135187,3505,2386,25711,4227,221824,2656,83354,7270,4272,2193,116639,11192,2264,32032,107223,35180,139018,3458,1449,7059,1691,46326,61457,20966,169219,135491,3289,57258,3643,10650,163897,5267,210627,3145812
MISAMIS OCCIDENTAL,2400,1525,9951,1497,23211,1678,9116,136919,44552,1582,2901,1704,1229,1318,58557,119110,1254,2040,153338,2522,12520,30713,2197,182060,12286,107866,16262,4332,78964,1386,986,10765,1638,192902,1170,7352,4336,1352,793,59538,7552,1028,14359,111984,19057,124419,1235,760,3088,736,19622,32654,3496,102664,71705,1293,25166,867,6499,146770,1428,183194,2185398
MISAMIS ORIENTAL,18152,7030,46395,7972,32517,6219,34005,314373,164148,6457,14995,6376,5616,5067,206881,203955,7269,14779,333847,14444,48195,41080,9368,405656,46525,227506,76818,20572,190927,7302,4434,51988,8546,433459,4279,36885,17532,11173,3711,209063,26479,4374,56008,178240,61739,245268,6183,3196,14175,3178,87718,142244,16463,358557,298936,6199,94672,3791,28088,302380,5699,413850,5662953
MARINDUQUE,1550,1344,5868,966,11411,957,2421,43466,39158,1012,2455,1212,777,738,37659,42685,752,1305,44266,1756,2549,8554,1420,31211,13880,37427,12327,3930,34386,758,567,4737,811,35710,557,8145,5545,1615,615,43203,10598,614,3643,10869,10869,24015,993,329,2423,439,14930,20893,2099,27921,60087,913,28243,588,8942,27675,640,59350,806778
OCCIDENTAL MINDORO,3030,2356,10915,1825,29975,2698,4426,77265,76926,1608,4287,1599,1480,1249,76925,94015,1254,2103,78012,3939,4593,15785,2749,69586,28541,71022,30234,6863,73954,1688,1117,8425,1806,77601,969,17528,11687,1708,1047,87420,20593,1076,6357,15248,19157,60224,1478,650,3528,677,18503,35263,4836,53944,103717,1722,61745,1061,17217,60772,1640,104257,1583875
ORIENTAL MINDORO,4180,3661,16946,3421,53207,2760,7230,136926,144558,2885,7220,3416,2329,2304,125757,142793,1824,3407,138685,5226,9737,30699,9397,106743,63826,112311,46102,12257,113028,2927,2094,23427,4996,115127,1538,39179,28123,3333,1439,181289,40953,1657,8814,30773,36214,77761,2364,1009,5707,1284,45121,65659,8804,92425,212503,2612,119441,2344,41368,97137,2291,189489,2802037
PALAWAN,9886,5966,42403,7375,39650,4594,11227,172236,144692,5214,9144,4660,5981,3656,146391,207313,3903,5927,182638,11686,15267,25897,7541,151464,46214,139291,52821,15997,147199,5083,2723,17089,4398,205530,2861,25537,17651,5386,2962,244678,29017,3385,27607,84233,48484,131498,4732,2262,11100,2201,42457,68201,17658,123829,210956,4385,112143,4032,23136,134340,3932,245194,3494913
ROMBLON,1742,1352,6971,1053,15480,1071,2411,43820,49123,965,3138,1282,796,797,40371,59281,791,1288,56387,2255,3050,8350,1527,42072,19303,40837,12271,4017,38823,1183,688,10782,839,44394,621,13655,8571,948,651,45127,13059,681,3893,13312,17337,37658,852,466,2839,386,13291,22168,2882,36014,66717,1220,37495,620,10451,36349,680,86010,992463
AGUSAN DEL NORTE,4527,4137,17038,3363,13285,3393,13993,137636,77532,2622,5725,3175,2836,2088,90560,115704,2666,4464,155838,5055,22668,32998,3424,221254,37057,87098,47520,7691,66275,2458,1730,22240,3488,228618,1735,10661,6674,2881,1613,91004,8827,1649,18045,89474,23083,133833,4794,1361,5753,1403,36110,67701,6926,154406,138130,3259,50210,1669,10997,179464,2082,209652,2713552
AGUSAN DEL SUR,5427,3552,19589,3600,11009,3455,7967,124049,67726,3002,6191,4242,2510,2250,94202,106167,2941,3976,136607,5373,11461,16159,3544,177223,13673,102443,29007,8555,80713,3117,2045,12746,5170,197600,1949,7779,4935,3311,1804,93650,7006,2228,19606,65733,33711,117227,9894,1373,6490,1428,29741,34087,8881,99083,129202,4363,33933,1613,7365,122074,2051,170755,2298563
SURIGAO DEL NORTE,4747,3147,20515,3381,11621,2854,20439,96353,52178,2822,5990,2787,2556,1914,62360,98485,2497,3741,127685,4529,14601,21574,3309,147596,16289,73953,21389,8291,73084,2590,1825,16175,3478,156782,1550,9914,6204,3044,1530,99718,8247,1791,16937,72202,34482,87349,2697,1316,5549,1271,25365,39969,7259,95999,104760,3305,30377,1775,9342,107442,1903,149217,2022051
SURIGAO DEL SUR,4726,3599,21765,3718,12257,3043,10493,95193,70058,3166,5827,2968,2594,2153,80212,110753,2611,4274,125620,5270,14333,25110,4522,158552,17039,77033,28871,8445,75218,3209,1662,14234,4542,164119,1904,9006,6285,3462,2171,101888,8716,2359,19131,63848,28994,84507,2920,2127,6135,1418,24388,41159,8106,136808,107169,3638,37898,1849,12363,105695,2920,150421,2144474
DINAGAT ISLANDS,944,646,3563,632,3492,560,3561,13132,10202,452,929,470,361,353,10411,21925,380,649,20936,846,2001,2977,626,28785,4221,10559,3394,1708,13207,436,247,2013,583,30812,291,2797,1640,473,274,21572,2060,304,3266,14739,3991,18870,361,191,1093,214,3518,5602,1317,20878,15182,433,7215,239,2191,19190,378,29601,373893
COTABATO (NORTH COT.),6735,5532,44858,8556,16712,4163,18268,186260,105443,4689,9741,4452,3837,3839,182209,244302,4265,6409,236637,8060,17539,20367,6851,326257,21481,191221,53757,15329,176610,4678,2665,21575,5346,331559,3176,34534,6608,7352,2900,249182,13871,3412,61351,238450,33237,200733,4089,2279,10370,2369,32569,76400,19534,197806,212856,5763,62508,5458,12273,219322,4276,305317,4328197
SOUTH COTABATO,10718,8413,56758,8757,43959,6442,31021,328887,175382,6868,14476,6961,5432,5127,242409,233453,7303,9209,355306,14434,33853,36092,9546,349546,57851,266856,84345,22206,215480,6532,4199,42378,7752,367564,4288,35605,21828,8100,5327,251905,29107,4154,52243,199263,48552,248351,6235,2568,28135,3464,67910,130033,22350,278340,302216,17009,121812,5617,31053,269149,5495,396715,5672339
SULTAN KUDARAT,4627,3629,26146,5898,12624,2999,12174,124196,68546,3115,5718,3108,2439,2478,107632,151191,2183,3838,117130,5338,8981,10070,4465,144453,15136,111099,35455,9151,111871,2890,1581,10956,3277,169888,1813,20485,4842,4212,2090,116995,19061,2067,20010,120107,17089,108434,6084,1160,7294,1441,18932,43165,11310,108120,129282,3939,44450,4105,8205,103474,3698,175102,2411248
SARANGANI,4711,3452,21908,4657,8961,2770,10151,78112,41426,2314,4461,2338,2016,1705,57566,95035,2619,3733,89174,4166,6769,7532,3563,106498,11475,58332,23372,6061,73155,2682,1389,7409,3354,113383,1758,8046,3539,3299,1554,81866,5871,1649,17164,59455,10164,62953,1993,996,5626,1421,11408,29035,8415,81702,87410,4838,27644,2400,4944,76830,1795,106220,1576244
DAVAO (DAVAO DEL NORTE),6455,4202,59157,4613,11119,3676,32486,201477,61214,3837,8547,3525,3777,2699,109408,169010,2865,5074,252216,7454,25687,16677,5209,335447,15824,169013,53436,12586,137923,3654,2208,31410,5476,332310,2352,8372,5475,4076,2258,141535,8063,3121,40509,170339,55280,187847,2971,1268,8553,1978,41297,68880,11302,225415,158051,4723,30367,2459,21721,241931,2941,265128,3817883
DAVAO ORIENTAL,4409,3316,19675,3480,7419,2791,8128,87609,42842,2612,4823,2394,2099,1924,64337,116660,1838,3330,104218,4298,8705,8259,3392,143137,9069,81013,21856,5604,73649,2130,1289,10235,2989,153083,1455,5992,3203,2795,1617,82360,5251,1574,22107,66980,16992,72442,1748,843,4083,1182,13146,29471,7313,77833,79971,2653,27147,1852,4380,85683,1576,131712,1765973
COMPOSTELA VALLEY,5332,3933,23987,3808,9462,3058,9720,118506,54252,2934,5944,3384,2596,2088,75393,131381,2203,4334,143648,4943,9938,10765,4013,213494,12043,103705,28727,9155,97058,2858,1539,13373,5102,220526,1814,8056,4200,3057,1803,106650,5938,1872,27161,84559,24298,100662,1990,1180,6379,1478,17964,42220,8625,121438,111098,3419,33188,1933,6132,126029,1891,169485,2367721
DAVAO OCCIDENTAL,1569,981,7128,1180,1707,909,1977,24122,11047,810,1246,712,773,506,16131,43020,495,1071,35392,1995,2009,1667,1152,70815,2043,29677,7376,1517,24328,766,343,2234,830,69549,723,1294,790,846,556,21804,1379,473,6639,26669,5341,32156,488,263,1658,381,2614,7441,2311,28669,21430,1107,5401,534,1161,39344,619,42834,622002
BOHOL,13292,7297,52342,7331,44444,6915,28465,303457,194657,7000,17012,8524,6497,4925,209928,177652,6621,8763,325038,12774,35781,41656,8873,354114,67346,178780,67136,22472,137385,7680,4620,38403,7102,344646,4268,25415,23893,6525,3939,211491,30920,4297,41735,138821,66935,172011,6674,3247,21370,3035,78132,156469,15828,229576,285949,6775,126820,3733,33276,253034,4779,391972,5109847
CEBU,44143,25565,164301,25295,174039,30846,118366,994484,662682,22830,63843,25377,20445,17236,638638,628500,25185,29566,1205605,46306,178514,183366,37599,1164111,278939,588290,291914,83512,443949,27197,18155,175847,34522,1287449,16064,143852,98456,25580,15168,761980,116882,18715,122038,513392,264096,717139,23260,11022,59461,13044,336078,868381,47139,935399,1002736,22834,507983,16393,141569,890843,19095,1328500,18793715
NEGROS ORIENTAL,17464,10203,35891,9368,64518,8244,21234,193221,181416,7085,15313,8578,6101,6184,147128,146116,9551,9971,217968,12535,23516,35273,9189,221570,66609,121916,51230,15360,102253,5720,4229,24217,8789,271675,4712,37251,26059,7685,4485,183693,31599,4917,25872,80167,40981,114401,5960,2768,18728,4232,41470,126760,15674,158643,236537,6468,160199,4307,37057,159073,6934,278546,3914813
SIQUIJOR,951,650,3011,592,5446,514,1400,18061,20256,445,1055,389,426,330,17320,13478,433,503,20163,865,1901,2968,565,20108,8043,12148,7034,1328,9979,520,373,2297,743,24993,323,4238,2891,406,283,15219,3536,378,2166,7969,3018,10588,431,198,1314,292,4002,13435,1662,17212,21488,374,13585,315,4806,16120,306,28016,373859
ZAMBOANGA DEL NORTE,7546,4716,28768,7827,32314,4668,10570,136075,106282,3777,8080,3805,4171,2953,112123,161277,4281,4652,149102,6807,15020,15368,4982,209176,32164,102401,38304,9711,110334,3862,2900,13198,4755,232092,2577,20910,10205,4218,2409,129121,25951,2859,20120,115647,39077,103716,3140,1698,10965,1961,21527,66374,11791,162823,152862,3989,74875,4224,16664,161572,2684,225937,2993957
ZAMBOANGA DEL SUR,9433,6696,49140,21241,31718,6306,24828,234590,142712,5840,11185,6564,5084,4993,192065,228615,6581,8063,283429,13209,25102,26979,10015,340690,43166,212088,74492,19358,173213,7411,4750,30694,7540,355382,4661,27433,13429,9540,3757,220917,21264,4376,35940,175684,58005,195410,4882,2454,14011,3471,51741,143961,20652,283324,251998,8384,88501,20229,22179,280171,5000,347767,4942313
ZAMBOANGA SIBUGAY,4413,3264,23587,6373,12531,2746,5960,84559,52323,2640,5605,2622,2191,2249,68165,113386,2727,3563,108850,4363,8365,8844,3570,127554,14262,74586,23829,6467,79580,2827,1641,8071,2889,142144,1699,10708,4966,3142,2145,99168,8047,1661,16986,62982,13754,63286,1789,1164,6928,1129,15781,34089,9403,89447,99251,2321,37145,5565,7040,95667,1819,142080,1855908
EASTERN SAMAR,4533,3060,14996,3067,28860,2744,5928,73256,76569,2573,6442,4189,2280,2263,65023,75146,1901,2822,83666,5736,12807,19272,4576,67659,31742,68187,21148,8880,60100,2545,2026,10850,2390,74228,1494,21398,17032,2673,1574,78346,21125,1848,9113,26638,38565,56757,2449,1220,5465,1273,25157,36303,5935,61050,116031,7543,53700,1729,18651,58570,1908,120676,1645687
LEYTE,14264,10481,45741,7965,45215,7863,30501,305909,197035,7189,14874,7967,6931,6492,260374,254018,6543,9512,311995,13003,91273,42746,11849,373782,70499,234906,92580,20455,198084,7489,4727,46823,6970,430533,4064,32752,22304,10588,4224,270347,33693,4660,42345,166506,138631,400252,5698,3429,13534,2887,106601,124624,16511,301237,350582,12774,86254,4080,37363,299443,5293,480239,6177503
NORTHERN SAMAR,5811,4592,14399,3537,32034,3613,6969,80598,115311,3046,5960,3010,2420,2607,82324,116795,2720,3728,89255,4923,8930,28040,4090,83379,33080,79174,27853,7959,72036,2928,2100,12684,2778,100320,1835,22768,14574,3390,1766,114800,21524,2139,10328,34118,28395,73432,3209,1346,5844,1363,46023,44028,7174,63845,124899,11975,86612,2068,18460,56379,1976,143981,1997254
SAMAR (WESTERN SAMAR),7206,3524,17914,3121,64322,3481,7165,137068,128880,2966,7419,3376,3013,2268,86591,125065,3733,4696,140804,5503,16618,36476,4845,166068,62628,126470,59791,8683,78531,3088,3383,15558,3296,198249,1887,43584,30021,3987,2073,145654,33543,2494,10351,40630,49201,127562,2806,1622,6919,1490,41324,41630,7189,116998,160715,53267,96429,2285,41701,140804,2701,224889,2975555
SOUTHERN LEYTE,3057,2133,11198,2093,11729,1902,6744,87085,44509,1723,3937,2038,1716,1327,45880,67287,1418,2115,99992,2850,12814,9264,2253,111984,15604,66314,15119,4501,52623,1759,1121,10480,1724,116759,1023,8754,5929,1535,969,58777,8458,1107,13094,62356,25658,67902,1801,753,3752,751,23136,33486,3630,84733,73296,1875,29798,982,8432,89288,1454,122652,1558433
BILIRAN,1066,744,3566,713,2828,580,2838,22355,12273,592,1085,608,502,489,27191,26591,508,818,20398,1007,53022,2791,746,25475,3717,16017,5060,1290,17794,583,516,3157,764,33565,313,2099,1594,649,402,19028,2200,391,3448,12063,6986,29820,435,227,1117,234,6760,8469,1944,18504,28885,797,9610,359,2057,19026,612,37184,506462
BATANGAS,11316,12596,49569,8288,144832,8184,40078,546913,495741,12017,24825,10491,9876,7515,491089,355940,6990,11542,584922,18576,57574,169919,28927,404337,313746,402292,171116,45496,283135,8619,6819,96936,10475,447110,4897,127795,90217,9468,4942,546155,189711,5921,31148,114069,173949,302338,9799,3401,22748,4143,274450,302662,23511,351950,753879,7918,335497,6997,132035,402742,7440,741969,10279552
CAVITE,15044,20163,69105,10469,150402,9450,80611,668774,494903,9179,26583,13891,12237,7733,495974,579423,9232,18294,739436,19625,100485,181333,36709,643585,249964,546091,159542,54975,400279,12875,8520,177767,13067,677959,6183,138439,98449,11975,6848,535446,168730,7473,47823,175424,391831,560758,13133,4041,29720,5899,449149,359776,25947,481824,815347,9550,278803,10018,136666,755596,10611,898346,13147484
LAGUNA,17792,29537,60682,10145,155931,10170,63658,587047,487032,11149,26513,11315,9230,9971,459381,373947,9924,19320,654897,20871,77639,199107,37464,529294,251878,533560,150576,54173,341903,9898,8054,141313,11612,519367,5429,144611,104114,12425,6146,519401,156684,7223,38969,143189,402270,454150,14038,4199,24699,5632,356449,339253,24708,428317,772321,8770,292649,9203,156509,448615,9583,802871,11586777
QUEZON,11881,12276,38113,8351,144259,7649,28081,380219,389337,7229,18517,8993,6268,5680,333487,332627,6424,10862,370580,14579,31297,109356,17099,242153,188878,326395,124071,39813,271840,6531,5248,48942,7832,307266,4528,118957,84427,10981,4602,447954,127866,4756,21306,55119,139579,207233,8465,3012,17862,3790,160941,197839,20244,223396,548734,7406,281258,5983,278679,227398,5788,531110,7611346
RIZAL,12631,17973,58960,9621,133849,8329,63599,508989,381103,7500,26445,12125,7827,6511,419814,347076,8922,16009,553695,18886,73245,170768,35379,478735,205468,424187,129553,49505,307086,9497,7482,131798,11504,514035,5320,119875,89056,10093,5806,444269,134771,6918,41799,143688,284902,432989,10910,3613,23304,5820,303362,290854,21386,383016,641141,9036,230355,8639,125580,413639,10579,672141,10040967
AKLAN,4494,3186,15924,2564,56845,3021,8603,108798,118575,2350,6336,3130,1966,1979,90455,111151,2010,3617,110262,4932,9734,27835,4098,80730,51478,83632,30326,8408,81744,3122,1592,16945,2681,116114,1881,32956,22534,2365,1487,107428,29237,1699,8222,24015,44938,65308,2333,1008,7158,1072,39572,54913,6481,82201,148333,2686,111308,1529,27628,73000,1637,171625,2253191
ANTIQUE,4578,3832,17753,2955,39159,2992,7215,95705,114760,2994,6882,2827,2236,2413,92732,107394,2139,3425,100865,5989,9074,25682,4124,73534,41255,80920,31533,9284,79791,3907,1922,12095,2455,71353,1614,27597,20281,2636,1979,109502,24834,1783,8535,19919,29173,62772,2280,1006,7133,1015,26172,57166,8047,67152,136746,2402,95731,1752,24384,56961,1934,141494,2007774
CAPIZ,5736,3845,15195,3927,57311,3907,8254,116691,141380,3849,7180,3706,2484,2626,106587,128661,2919,5024,122839,6053,8871,40683,5058,105278,59025,78650,34958,10308,84475,3443,1984,13762,3685,125679,1989,44133,20862,2970,2209,127772,32166,2130,12632,31527,25275,70646,3144,1168,7587,1498,31900,60612,7902,85317,156305,2872,190481,2203,36263,84032,2260,177568,2549456
ILOILO,14034,11292,45572,9830,224196,9576,37402,441964,580141,9263,30402,9169,6953,14786,300290,342038,8469,12993,454095,21288,29123,186147,17323,340832,220985,292437,153360,35064,239563,8793,5713,48429,9984,352023,5751,142677,98381,8272,10455,367384,109465,6017,32332,89774,92192,230597,12852,3187,32590,3892,109227,272600,21358,300463,605337,7864,558188,5917,123282,281337,6245,631163,8692328
NEGROS OCCIDENTAL,34085,22305,70314,19931,285767,19776,116965,532747,561106,16150,46839,17220,13798,14703,409414,363610,15296,21816,489140,30605,43961,291288,23934,399202,226349,392438,140990,49386,267440,15588,9868,60526,14692,467482,10007,154020,106170,14214,18094,453473,120162,10811,53929,142358,78494,290259,17262,6065,35031,7356,116996,356830,30860,356481,630507,13234,544200,9931,134061,358437,11808,712514,10298295
GUIMARAS,1014,767,3357,714,15146,764,1893,39236,39727,705,2024,557,490,589,22551,25436,509,742,27909,1601,1941,9173,988,23043,15619,28528,8558,2202,16681,698,372,2682,865,36943,470,7501,4716,600,653,23356,7653,459,2225,9456,6660,14572,587,233,1969,290,6859,16687,1690,32077,50597,719,42249,442,6394,24512,459,53236,651345
BATAAN,4750,4877,15891,2851,41517,2939,13982,219318,161940,3082,7210,2998,3180,2350,184783,134409,2410,4263,186004,6224,18887,40520,9250,192809,62134,189541,65447,14020,115869,3277,2718,35453,3259,204058,1793,35966,24879,2844,1738,171847,35231,2161,10525,49542,99825,150211,3037,1206,6043,1548,91679,77774,7833,164492,274604,3301,86589,2458,34319,163652,4262,287602,3759181
BULACAN,17824,20124,82371,11690,185003,12050,68295,619184,542075,12145,28679,12746,10751,8788,505850,437780,9626,18875,709012,24172,81642,193855,43677,573839,268693,549606,169994,59003,387197,12867,10787,157287,14646,580373,6974,151092,111184,12318,7533,612005,179589,8756,43864,150216,434625,537313,14236,4840,32663,6515,387552,363868,28729,473280,857405,10685,309653,10711,153185,467855,12945,853367,12683464
NUEVA ECIJA,10784,11976,39401,7073,97527,7723,26096,466153,337759,7607,15367,7391,7052,7433,443759,428485,5319,9909,463584,15452,38177,95325,18202,380537,139968,404264,154122,33079,391118,6949,5656,71083,7630,420250,4337,74633,53997,8237,4832,544858,85881,4849,25256,79831,211857,487073,7157,2782,15791,4025,177549,197789,75788,278548,634915,7524,217474,5896,73306,308460,7617,560776,8743248
PAMPANGA,11140,10259,48183,7715,97946,7722,44387,416538,342388,7978,18166,8098,6627,5974,357663,366206,6077,10753,516577,17738,55936,92557,20808,461006,156633,320381,99531,35382,249615,8535,8450,101498,9286,481637,4659,79995,55817,7271,4660,746328,103050,5805,27948,102822,297351,363847,7835,3048,19491,4199,240089,208088,19730,334995,576520,7089,193293,6477,79540,356072,7505,693203,8966117
TARLAC,8009,7142,28535,5321,90603,5407,17517,275267,358355,4981,11558,5861,4424,3820,236448,216934,3870,7489,309776,10813,24252,80512,11772,215492,117144,195725,73271,21728,171500,4655,4279,39270,5156,262948,3209,71196,46521,5120,3163,388219,67780,3665,13704,41318,108656,230855,4745,1720,10951,2819,107553,149922,14213,159382,408718,4860,224767,4253,63634,176754,4758,371823,5534112
ZAMBALES,4253,3873,18252,3223,40374,2855,12774,166954,134605,2671,6968,3486,2609,2207,152804,126218,2310,4061,182195,7228,18371,37712,6636,139998,59983,134398,59438,15979,116820,2918,2224,33035,3477,156476,1684,34649,20737,2743,1696,190898,28936,1887,12799,39301,54363,153724,2686,1251,7221,1748,81816,89370,8231,128419,224793,2640,90680,2532,28302,118720,2757,231078,3233046
AURORA,880,842,4310,648,7067,554,2152,79363,26706,553,1521,777,539,553,43848,42280,441,929,40779,1405,3143,8569,1353,35548,11301,34259,12451,2767,36277,664,419,5022,636,35186,346,6097,4362,972,422,44380,6419,493,2547,9115,12864,41176,667,212,1105,662,12509,16321,7701,27170,58774,677,20567,455,5598,31988,1086,57419,815846
ALBAY,14707,8978,28385,9745,175405,8253,14923,205749,342104,7559,18878,7867,6171,5916,191114,150598,7176,9405,228520,13066,16998,119919,18230,107830,177565,143249,68982,38471,115696,6474,4907,29003,6200,144593,4712,138541,110242,7263,4557,210923,125295,4714,14957,33533,65384,79476,6661,2817,18113,3409,81263,133375,14920,149786,346857,6421,255056,5131,136437,165514,4868,301248,4884109
CAMARINES NORTE,4314,3517,11783,3117,71892,2794,5253,99584,130800,3307,7529,2530,2354,1966,86390,82640,2449,3456,89225,4639,6775,36180,5405,54338,72303,78975,29083,13369,66854,2941,1920,11303,2422,61609,1654,62133,46009,2898,1545,118154,62933,1741,6468,17155,32061,49238,2819,929,4802,1315,36372,48576,13299,70890,164644,2341,102313,2051,56391,60267,1811,130924,2164749
CAMARINES SUR,17053,9591,30676,10191,276589,9061,14064,277881,498737,7657,21308,7791,6226,6107,220423,221867,12364,10591,293297,14839,23113,144905,17283,149720,278718,165080,81878,31543,151233,7153,5003,28701,6496,195368,5065,258976,198205,7396,4580,302600,246952,5110,15136,28914,81370,118934,8172,3100,13876,3471,91821,139958,15529,178670,480765,7047,388779,5812,232787,187580,5449,397800,6686361
CATANDUANES,3395,2356,8793,2613,35567,1913,4129,47019,68529,1852,4594,1595,1414,1418,48503,53101,1501,2119,50084,4258,4609,21368,2844,28627,34364,44463,15198,7319,42665,1931,1282,7565,1616,32048,1140,27962,21251,1775,1100,52156,29549,1245,3986,8849,22407,21481,1893,1098,3438,769,18046,26036,3665,33288,82290,1610,51011,1392,22916,30427,1160,72780,1135372
MASBATE,9585,5836,26649,4977,42027,4628,7784,82170,117233,3940,8620,4023,3621,2979,88541,137873,4022,5484,90423,6924,9626,48711,5366,94580,53285,70275,29956,10700,79078,4315,2422,12669,3449,122175,2566,37237,32234,4208,2814,122606,36857,2828,9559,25019,24278,51082,3199,1605,7210,1825,23834,53422,9496,96048,126767,3702,92911,2583,35804,79473,2466,145167,2240746
SORSOGON,7075,4660,16735,4606,83227,4181,7304,132943,192041,3825,12222,3485,2965,3450,123587,107283,3468,5525,132111,7716,8695,63149,7848,75559,85020,98773,36295,38944,84901,3826,2621,15220,3316,85332,2571,63462,51630,3957,2601,168424,64573,2776,8239,19556,38498,51258,4109,1518,7391,1838,41001,64736,8392,85136,215791,3703,128960,2627,58842,81793,3127,188546,2842963
ILOCOS NORTE,2004,1607,8772,1767,5068,1385,6456,78829,23665,1177,2558,1909,1134,1072,76065,87340,1046,2061,82591,2586,17254,8623,2160,101400,10257,65060,33705,4544,66646,1467,1087,27487,1605,97237,759,5063,4299,1471,795,80169,5284,990,7007,21986,17808,291523,1155,555,2518,814,26351,26176,3947,57128,98109,1206,17238,878,4545,67664,3544,132163,1708769
ILOCOS SUR,2557,2125,15302,1618,10602,1703,8388,110160,49538,1709,4351,2099,1436,1430,116122,120988,1253,2421,131108,2789,22655,17394,3292,145798,17729,95042,48978,7018,85896,1614,1299,26264,1781,159520,1117,8725,7425,2005,1305,120174,9706,1347,8537,29519,31321,290706,1237,709,3236,2135,40538,42295,5252,83332,170949,1613,36590,1108,8116,104033,2329,205253,2442591
LA UNION,2784,2772,16239,2214,19387,2332,12616,154663,73254,2495,8004,2398,3058,2002,161601,153588,1639,3598,172219,4682,28361,22317,6416,176067,27218,145495,52827,10002,124395,2346,1850,35314,2567,208043,1396,13562,9186,2436,1608,151688,13901,1885,12899,60718,46281,300798,1780,984,4597,2724,56829,67857,5567,124195,217212,2414,51908,1944,13500,132976,3229,248346,3197183
PANGASINAN,21334,17889,83313,16144,118753,14251,49642,629049,498155,13974,29592,17618,15700,10642,609944,617888,13191,22005,749383,33675,74675,132270,30351,538973,171365,501273,241480,63068,480792,14037,10274,125480,16177,593916,8932,96957,58502,16565,8805,781723,105685,11019,49535,138579,226862,777696,12206,5765,33155,7693,251023,330186,35085,460854,929369,12311,341027,10168,86674,470776,14060,978034,12835519